MySession_007_sync-16,0,700000,sil
MySession_007_sync-16,700000,1600000,p
MySession_007_sync-16,1600000,2100000,e
MySession_007_sync-16,2100000,3800000,s
MySession_007_sync-16,3800000,6700000,e
MySession_007_sync-16,6700000,6700000,sp
MySession_007_sync-16,6700000,7400000,sil
MySession_005_sync-35,0,700000,sil
MySession_005_sync-35,700000,1400000,p
MySession_005_sync-35,1400000,2600000,i
MySession_005_sync-35,2600000,3400000,p
MySession_005_sync-35,3400000,6600000,a
MySession_005_sync-35,6600000,6600000,sp
MySession_005_sync-35,6600000,6900000,sil
MySession_006_sync-20,0,6400000,sil
MySession_006_sync-20,6400000,7100000,p
MySession_006_sync-20,7100000,7400000,e
MySession_006_sync-20,7400000,8900000,t
MySession_006_sync-20,8900000,9200000,R
MySession_006_sync-20,9200000,12800000,y
MySession_006_sync-20,12800000,12800000,sp
MySession_006_sync-20,12800000,23000000,sil
MySession_007_sync-09,0,800000,sil
MySession_007_sync-09,800000,2100000,R
MySession_007_sync-09,2100000,2400000,e
MySession_007_sync-09,2400000,4500000,k
MySession_007_sync-09,4500000,4800000,R
MySession_007_sync-09,4800000,7600000,i
MySession_007_sync-09,7600000,7600000,sp
MySession_007_sync-09,7600000,8000000,sil
MySession_005_sync-43,0,700000,sil
MySession_005_sync-43,700000,1900000,an
MySession_005_sync-43,1900000,3200000,m
MySession_005_sync-43,3200000,6800000,i
MySession_005_sync-43,6800000,6800000,sp
MySession_005_sync-43,6800000,17000000,sil
MySession_006_sync-12,0,1400000,sil
MySession_006_sync-12,1400000,2800000,d
MySession_006_sync-12,2800000,3400000,e
MySession_006_sync-12,3400000,4400000,m
MySession_006_sync-12,4400000,7300000,i
MySession_006_sync-12,7300000,7300000,sp
MySession_006_sync-12,7300000,7600000,sil
MySession_006_sync-19,0,700000,sil
MySession_006_sync-19,700000,2200000,s
MySession_006_sync-19,2200000,2900000,e
MySession_006_sync-19,2900000,3900000,d
MySession_006_sync-19,3900000,4400000,R
MySession_006_sync-19,4400000,7600000,a
MySession_006_sync-19,7600000,7600000,sp
MySession_006_sync-19,7600000,7800000,sil
MySession_008_sync-26,0,1200000,sil
MySession_008_sync-26,1200000,1900000,o
MySession_008_sync-26,1900000,4000000,s
MySession_008_sync-26,4000000,7100000,i
MySession_008_sync-26,7100000,7100000,sp
MySession_008_sync-26,7100000,7300000,sil
MySession_007_sync-45,0,600000,sil
MySession_007_sync-45,600000,1400000,p
MySession_007_sync-45,1400000,1900000,e
MySession_007_sync-45,1900000,3500000,k
MySession_007_sync-45,3500000,6400000,an
MySession_007_sync-45,6400000,6400000,sp
MySession_007_sync-45,6400000,7200000,sil
MySession_005_sync-55,0,900000,sil
MySession_005_sync-55,900000,2600000,Z
MySession_005_sync-55,2600000,3500000,e
MySession_005_sync-55,3500000,3900000,R
MySession_005_sync-55,3900000,7000000,e
MySession_005_sync-55,7000000,7000000,sp
MySession_005_sync-55,7000000,7700000,sil
MySession_008_sync-43,0,900000,sil
MySession_008_sync-43,900000,2000000,R
MySession_008_sync-43,2000000,3100000,e
MySession_008_sync-43,3100000,5000000,a
MySession_008_sync-43,5000000,6000000,k
MySession_008_sync-43,6000000,6000000,sp
MySession_008_sync-43,6000000,6500000,sil
MySession_008_sync-58,0,800000,sil
MySession_008_sync-58,800000,1600000,p
MySession_008_sync-58,1600000,2100000,e
MySession_008_sync-58,2100000,4000000,s
MySession_008_sync-58,4000000,6900000,a
MySession_008_sync-58,6900000,6900000,sp
MySession_008_sync-58,6900000,7200000,sil
MySession_005_sync-19,0,800000,sil
MySession_005_sync-19,800000,1700000,R
MySession_005_sync-19,1700000,3100000,e
MySession_005_sync-19,3100000,4000000,p
MySession_005_sync-19,4000000,6500000,i
MySession_005_sync-19,6500000,6500000,sp
MySession_005_sync-19,6500000,6700000,sil
MySession_006_sync-26,0,700000,sil
MySession_006_sync-26,700000,1400000,p
MySession_006_sync-26,1400000,1900000,o
MySession_006_sync-26,1900000,2600000,l
MySession_006_sync-26,2600000,6200000,i
MySession_006_sync-26,6200000,6200000,sp
MySession_006_sync-26,6200000,6400000,sil
MySession_006_sync-04,0,1100000,sil
MySession_006_sync-04,1100000,2500000,s
MySession_006_sync-04,2500000,3600000,a
MySession_006_sync-04,3600000,4400000,b
MySession_006_sync-04,4400000,7500000,a
MySession_006_sync-04,7500000,7500000,sp
MySession_006_sync-04,7500000,18900000,sil
MySession_007_sync-14,0,900000,sil
MySession_007_sync-14,900000,2000000,s
MySession_007_sync-14,2000000,3100000,e
MySession_007_sync-14,3100000,4100000,t
MySession_007_sync-14,4100000,7000000,E
MySession_007_sync-14,7000000,7300000,R
MySession_007_sync-14,7300000,7300000,sp
MySession_007_sync-14,7300000,7900000,sil
MySession_007_sync-33,0,700000,sil
MySession_007_sync-33,700000,1300000,k
MySession_007_sync-33,1300000,2400000,a
MySession_007_sync-33,2400000,3400000,p
MySession_007_sync-33,3400000,7500000,e
MySession_007_sync-33,7500000,7500000,sp
MySession_007_sync-33,7500000,7800000,sil
MySession_006_sync-31,0,4100000,sil
MySession_006_sync-31,4100000,4900000,l
MySession_006_sync-31,4900000,6200000,e
MySession_006_sync-31,6200000,7300000,t
MySession_006_sync-31,7300000,9000000,a
MySession_006_sync-31,9000000,10600000,l
MySession_006_sync-31,10600000,10600000,sp
MySession_006_sync-31,10600000,13800000,sil
MySession_007_sync-02,0,5200000,sil
MySession_007_sync-02,5200000,6900000,i
MySession_007_sync-02,6900000,7800000,p
MySession_007_sync-02,7800000,10800000,i
MySession_007_sync-02,10800000,10800000,sp
MySession_007_sync-02,10800000,11000000,sil
MySession_008_sync-18,0,700000,sil
MySession_008_sync-18,700000,1500000,k
MySession_008_sync-18,1500000,2400000,a
MySession_008_sync-18,2400000,3500000,b
MySession_008_sync-18,3500000,7100000,a
MySession_008_sync-18,7100000,7100000,sp
MySession_008_sync-18,7100000,7400000,sil
MySession_007_sync-49,0,700000,sil
MySession_007_sync-49,700000,1400000,t
MySession_007_sync-49,1400000,2900000,on
MySession_007_sync-49,2900000,3700000,b
MySession_007_sync-49,3700000,7300000,e
MySession_007_sync-49,7300000,7300000,sp
MySession_007_sync-49,7300000,8000000,sil
MySession_008_sync-38,0,800000,sil
MySession_008_sync-38,800000,1500000,p
MySession_008_sync-38,1500000,2700000,a
MySession_008_sync-38,2700000,4500000,p
MySession_008_sync-38,4500000,6600000,e
MySession_008_sync-38,6600000,6600000,sp
MySession_008_sync-38,6600000,6800000,sil
MySession_007_sync-43,0,800000,sil
MySession_007_sync-43,800000,1900000,l
MySession_007_sync-43,1900000,3000000,a
MySession_007_sync-43,3000000,6000000,o
MySession_007_sync-43,6000000,6000000,sp
MySession_007_sync-43,6000000,6800000,sil
MySession_005_sync-53,0,700000,sil
MySession_005_sync-53,700000,2400000,s
MySession_005_sync-53,2400000,3000000,e
MySession_005_sync-53,3000000,5300000,n
MySession_005_sync-53,5300000,6800000,e
MySession_005_sync-53,6800000,6800000,sp
MySession_005_sync-53,6800000,7300000,sil
MySession_008_sync-06,0,800000,sil
MySession_008_sync-06,800000,2100000,d
MySession_008_sync-06,2100000,2500000,e
MySession_008_sync-06,2500000,4600000,k
MySession_008_sync-06,4600000,7200000,o
MySession_008_sync-06,7200000,7200000,sp
MySession_008_sync-06,7200000,7800000,sil
MySession_005_sync-12,0,1200000,sil
MySession_005_sync-12,1200000,2200000,a
MySession_005_sync-12,2200000,5600000,an
MySession_005_sync-12,5600000,5600000,sp
MySession_005_sync-12,5600000,6500000,sil
MySession_007_sync-56,0,900000,sil
MySession_007_sync-56,900000,1800000,b
MySession_007_sync-56,1800000,2900000,o
MySession_007_sync-56,2900000,3500000,R
MySession_007_sync-56,3500000,6700000,a
MySession_007_sync-56,6700000,6700000,sp
MySession_007_sync-56,6700000,7100000,sil
MySession_006_sync-24,0,700000,sil
MySession_006_sync-24,700000,1500000,t
MySession_006_sync-24,1500000,2100000,R
MySession_006_sync-24,2100000,3200000,e
MySession_006_sync-24,3200000,4000000,p
MySession_006_sync-24,4000000,7000000,an
MySession_006_sync-24,7000000,7000000,sp
MySession_006_sync-24,7000000,7900000,sil
MySession_008_sync-04,0,800000,sil
MySession_008_sync-04,800000,2700000,m
MySession_008_sync-04,2700000,3000000,a
MySession_008_sync-04,3000000,5900000,o
MySession_008_sync-04,5900000,5900000,sp
MySession_008_sync-04,5900000,6700000,sil
MySession_007_sync-08,0,6600000,sil
MySession_007_sync-08,6600000,7800000,m
MySession_007_sync-08,7800000,9100000,a
MySession_007_sync-08,9100000,10000000,t
MySession_007_sync-08,10000000,12900000,i
MySession_007_sync-08,12900000,12900000,sp
MySession_007_sync-08,12900000,13100000,sil
MySession_006_sync-22,0,800000,sil
MySession_006_sync-22,800000,2200000,Z
MySession_006_sync-22,2200000,2500000,e
MySession_006_sync-22,2500000,4000000,n
MySession_006_sync-22,4000000,4300000,w
MySession_006_sync-22,4300000,7000000,a
MySession_006_sync-22,7000000,7000000,sp
MySession_006_sync-22,7000000,7600000,sil
MySession_008_sync-46,0,700000,sil
MySession_008_sync-46,700000,1400000,p
MySession_008_sync-46,1400000,2800000,e
MySession_008_sync-46,2800000,6000000,i
MySession_008_sync-46,6000000,6000000,sp
MySession_008_sync-46,6000000,6200000,sil
MySession_008_sync-28,0,800000,sil
MySession_008_sync-28,800000,2000000,m
MySession_008_sync-28,2000000,2400000,a
MySession_008_sync-28,2400000,4400000,s
MySession_008_sync-28,4400000,7600000,i
MySession_008_sync-28,7600000,7600000,sp
MySession_008_sync-28,7600000,7800000,sil
MySession_008_sync-41,0,900000,sil
MySession_008_sync-41,900000,2000000,R
MySession_008_sync-41,2000000,3000000,o
MySession_008_sync-41,3000000,4100000,d
MySession_008_sync-41,4100000,7900000,e
MySession_008_sync-41,7900000,7900000,sp
MySession_008_sync-41,7900000,8400000,sil
MySession_008_sync-33,0,800000,sil
MySession_008_sync-33,800000,1900000,d
MySession_008_sync-33,1900000,2300000,e
MySession_008_sync-33,2300000,4200000,s
MySession_008_sync-33,4200000,6900000,e
MySession_008_sync-33,6900000,6900000,sp
MySession_008_sync-33,6900000,7500000,sil
MySession_008_sync-15,0,800000,sil
MySession_008_sync-15,800000,2100000,R
MySession_008_sync-15,2100000,3100000,a
MySession_008_sync-15,3100000,4000000,b
MySession_008_sync-15,4000000,7100000,a
MySession_008_sync-15,7100000,7100000,sp
MySession_008_sync-15,7100000,7800000,sil
MySession_006_sync-02,0,1200000,sil
MySession_006_sync-02,1200000,2000000,a
MySession_006_sync-02,2000000,6000000,an
MySession_006_sync-02,6000000,6000000,sp
MySession_006_sync-02,6000000,6800000,sil
MySession_008_sync-52,0,700000,sil
MySession_008_sync-52,700000,1600000,k
MySession_008_sync-52,1600000,2000000,a
MySession_008_sync-52,2000000,3300000,m
MySession_008_sync-52,3300000,6400000,i
MySession_008_sync-52,6400000,6400000,sp
MySession_008_sync-52,6400000,6600000,sil
MySession_006_sync-10,0,800000,sil
MySession_006_sync-10,800000,1500000,k
MySession_006_sync-10,1500000,2200000,a
MySession_006_sync-10,2200000,3400000,R
MySession_006_sync-10,3400000,6000000,e
MySession_006_sync-10,6000000,6000000,sp
MySession_006_sync-10,6000000,6700000,sil
MySession_005_sync-23,0,800000,sil
MySession_005_sync-23,800000,2400000,R
MySession_005_sync-23,2400000,3300000,e
MySession_005_sync-23,3300000,5700000,n
MySession_005_sync-23,5700000,7200000,e
MySession_005_sync-23,7200000,7200000,sp
MySession_005_sync-23,7200000,7600000,sil
MySession_007_sync-28,0,900000,sil
MySession_007_sync-28,900000,2200000,R
MySession_007_sync-28,2200000,3400000,o
MySession_007_sync-28,3400000,4200000,t
MySession_007_sync-28,4200000,7500000,i
MySession_007_sync-28,7500000,7500000,sp
MySession_007_sync-28,7500000,7800000,sil
MySession_005_sync-03,0,1300000,sil
MySession_005_sync-03,1300000,1900000,e
MySession_005_sync-03,1900000,3700000,k
MySession_005_sync-03,3700000,5900000,o
MySession_005_sync-03,5900000,5900000,sp
MySession_005_sync-03,5900000,6400000,sil
MySession_007_sync-05,0,700000,sil
MySession_007_sync-05,700000,1700000,k
MySession_007_sync-05,1700000,2000000,u
MySession_007_sync-05,2000000,3400000,d
MySession_007_sync-05,3400000,6700000,e
MySession_007_sync-05,6700000,6700000,sp
MySession_007_sync-05,6700000,7300000,sil
MySession_008_sync-36,0,600000,sil
MySession_008_sync-36,600000,1500000,t
MySession_008_sync-36,1500000,2700000,o
MySession_008_sync-36,2700000,3700000,p
MySession_008_sync-36,3700000,7400000,e
MySession_008_sync-36,7400000,7400000,sp
MySession_008_sync-36,7400000,8000000,sil
MySession_005_sync-16,0,800000,sil
MySession_005_sync-16,800000,1500000,k
MySession_005_sync-16,1500000,3000000,on
MySession_005_sync-16,3000000,4000000,d
MySession_005_sync-16,4000000,6500000,e
MySession_005_sync-16,6500000,6500000,sp
MySession_005_sync-16,6500000,7100000,sil
MySession_005_sync-41,0,800000,sil
MySession_005_sync-41,800000,1800000,n
MySession_005_sync-41,1800000,2600000,a
MySession_005_sync-41,2600000,3300000,R
MySession_005_sync-41,3300000,6500000,e
MySession_005_sync-41,6500000,6500000,sp
MySession_005_sync-41,6500000,7000000,sil
MySession_005_sync-40,0,1400000,sil
MySession_005_sync-40,1400000,2000000,a
MySession_005_sync-40,2000000,2300000,k
MySession_005_sync-40,2300000,4100000,s
MySession_005_sync-40,4100000,7400000,e
MySession_005_sync-40,7400000,7400000,sp
MySession_005_sync-40,7400000,8000000,sil
MySession_005_sync-32,0,700000,sil
MySession_005_sync-32,700000,1600000,k
MySession_005_sync-32,1600000,2000000,o
MySession_005_sync-32,2000000,3200000,m
MySession_005_sync-32,3200000,6000000,i
MySession_005_sync-32,6000000,6000000,sp
MySession_005_sync-32,6000000,6200000,sil
MySession_006_sync-18,0,1100000,sil
MySession_006_sync-18,1100000,3000000,z
MySession_006_sync-18,3000000,3800000,e
MySession_006_sync-18,3800000,4200000,R
MySession_006_sync-18,4200000,7600000,o
MySession_006_sync-18,7600000,7600000,sp
MySession_006_sync-18,7600000,8100000,sil
MySession_008_sync-51,0,3700000,sil
MySession_008_sync-51,3700000,4800000,m
MySession_008_sync-51,4800000,5400000,e
MySession_008_sync-51,5400000,7100000,m
MySession_008_sync-51,7100000,9600000,o
MySession_008_sync-51,9600000,9600000,sp
MySession_008_sync-51,9600000,10200000,sil
MySession_005_sync-08,0,800000,sil
MySession_005_sync-08,800000,1700000,k
MySession_005_sync-08,1700000,2600000,a
MySession_005_sync-08,2600000,3200000,R
MySession_005_sync-08,3200000,6100000,a
MySession_005_sync-08,6100000,6100000,sp
MySession_005_sync-08,6100000,6700000,sil
MySession_007_sync-25,0,6200000,sil
MySession_007_sync-25,6200000,7000000,i
MySession_007_sync-25,7000000,8200000,b
MySession_007_sync-25,8200000,10500000,u
MySession_007_sync-25,10500000,10500000,sp
MySession_007_sync-25,10500000,11300000,sil
MySession_008_sync-35,0,900000,sil
MySession_008_sync-35,900000,2300000,R
MySession_008_sync-35,2300000,3100000,e
MySession_008_sync-35,3100000,5700000,v
MySession_008_sync-35,5700000,7400000,e
MySession_008_sync-35,7400000,7400000,sp
MySession_008_sync-35,7400000,8200000,sil
MySession_008_sync-27,0,900000,sil
MySession_008_sync-27,900000,2000000,d
MySession_008_sync-27,2000000,3000000,i
MySession_008_sync-27,3000000,4300000,k
MySession_008_sync-27,4300000,7400000,o
MySession_008_sync-27,7400000,7400000,sp
MySession_008_sync-27,7400000,7900000,sil
MySession_008_sync-07,0,800000,sil
MySession_008_sync-07,800000,1600000,k
MySession_008_sync-07,1600000,2900000,a
MySession_008_sync-07,2900000,3800000,p
MySession_008_sync-07,3800000,6800000,a
MySession_008_sync-07,6800000,6800000,sp
MySession_008_sync-07,6800000,7300000,sil
MySession_007_sync-54,0,800000,sil
MySession_007_sync-54,800000,1800000,R
MySession_007_sync-54,1800000,3400000,an
MySession_007_sync-54,3400000,5200000,s
MySession_007_sync-54,5200000,8300000,i
MySession_007_sync-54,8300000,8300000,sp
MySession_007_sync-54,8300000,8700000,sil
MySession_008_sync-08,0,900000,sil
MySession_008_sync-08,900000,2000000,R
MySession_008_sync-08,2000000,2400000,a
MySession_008_sync-08,2400000,3400000,d
MySession_008_sync-08,3400000,7300000,e
MySession_008_sync-08,7300000,7300000,sp
MySession_008_sync-08,7300000,8000000,sil
MySession_005_sync-13,0,800000,sil
MySession_005_sync-13,800000,1500000,k
MySession_005_sync-13,1500000,2100000,a
MySession_005_sync-13,2100000,3200000,b
MySession_005_sync-13,3200000,6100000,a
MySession_005_sync-13,6100000,6100000,sp
MySession_005_sync-13,6100000,6400000,sil
MySession_006_sync-21,0,800000,sil
MySession_006_sync-21,800000,2500000,an
MySession_006_sync-21,2500000,3300000,g
MySession_006_sync-21,3300000,5600000,O
MySession_006_sync-21,5600000,6700000,R
MySession_006_sync-21,6700000,6700000,sp
MySession_006_sync-21,6700000,7400000,sil
MySession_008_sync-25,0,900000,sil
MySession_008_sync-25,900000,2500000,R
MySession_008_sync-25,2500000,3000000,e
MySession_008_sync-25,3000000,4200000,n
MySession_008_sync-25,4200000,7500000,e
MySession_008_sync-25,7500000,7500000,sp
MySession_008_sync-25,7500000,8200000,sil
MySession_007_sync-06,0,800000,sil
MySession_007_sync-06,800000,1600000,d
MySession_007_sync-06,1600000,2000000,i
MySession_007_sync-06,2000000,4100000,f
MySession_007_sync-06,4100000,6100000,y
MySession_007_sync-06,6100000,6100000,sp
MySession_007_sync-06,6100000,6800000,sil
MySession_006_sync-08,0,900000,sil
MySession_006_sync-08,900000,2100000,R
MySession_006_sync-08,2100000,2600000,e
MySession_006_sync-08,2600000,4500000,s
MySession_006_sync-08,4500000,7400000,i
MySession_006_sync-08,7400000,7400000,sp
MySession_006_sync-08,7400000,7600000,sil
MySession_008_sync-40,0,900000,sil
MySession_008_sync-40,900000,2000000,m
MySession_008_sync-40,2000000,2500000,e
MySession_008_sync-40,2500000,4500000,s
MySession_008_sync-40,4500000,7300000,i
MySession_008_sync-40,7300000,7300000,sp
MySession_008_sync-40,7300000,7700000,sil
MySession_008_sync-50,0,900000,sil
MySession_008_sync-50,900000,2100000,b
MySession_008_sync-50,2100000,3500000,a
MySession_008_sync-50,3500000,7000000,y
MySession_008_sync-50,7000000,7000000,sp
MySession_008_sync-50,7000000,7200000,sil
MySession_008_sync-56,0,900000,sil
MySession_008_sync-56,900000,2300000,m
MySession_008_sync-56,2300000,2600000,a
MySession_008_sync-56,2600000,3400000,R
MySession_008_sync-56,3400000,6400000,i
MySession_008_sync-56,6400000,6400000,sp
MySession_008_sync-56,6400000,7000000,sil
MySession_005_sync-39,0,1000000,sil
MySession_005_sync-39,1000000,2000000,s
MySession_005_sync-39,2000000,3000000,e
MySession_005_sync-39,3000000,3600000,R
MySession_005_sync-39,3600000,6300000,e
MySession_005_sync-39,6300000,6300000,sp
MySession_005_sync-39,6300000,7100000,sil
MySession_007_sync-44,0,800000,sil
MySession_007_sync-44,800000,1500000,p
MySession_007_sync-44,1500000,1800000,i
MySession_007_sync-44,1800000,3700000,s
MySession_007_sync-44,3700000,6800000,a
MySession_007_sync-44,6800000,6800000,sp
MySession_007_sync-44,6800000,7000000,sil
MySession_007_sync-12,0,1600000,sil
MySession_007_sync-12,1600000,2400000,y
MySession_007_sync-12,2400000,3400000,m
MySession_007_sync-12,3400000,6700000,e
MySession_007_sync-12,6700000,6700000,sp
MySession_007_sync-12,6700000,7000000,sil
MySession_007_sync-29,0,700000,sil
MySession_007_sync-29,700000,1300000,p
MySession_007_sync-29,1300000,1600000,e
MySession_007_sync-29,1600000,2600000,t
MySession_007_sync-29,2600000,3400000,R
MySession_007_sync-29,3400000,6400000,i
MySession_007_sync-29,6400000,6400000,sp
MySession_007_sync-29,6400000,6600000,sil
MySession_008_sync-13,0,800000,sil
MySession_008_sync-13,800000,3100000,an
MySession_008_sync-13,3100000,4400000,k
MySession_008_sync-13,4400000,7400000,a
MySession_008_sync-13,7400000,7400000,sp
MySession_008_sync-13,7400000,8000000,sil
MySession_007_sync-31,0,1600000,sil
MySession_007_sync-31,1600000,2300000,t
MySession_007_sync-31,2300000,2700000,o
MySession_007_sync-31,2700000,5000000,f
MySession_007_sync-31,5000000,6900000,y
MySession_007_sync-31,6900000,6900000,sp
MySession_007_sync-31,6900000,7500000,sil
MySession_007_sync-35,0,4200000,sil
MySession_007_sync-35,4200000,5500000,R
MySession_007_sync-35,5500000,6400000,o
MySession_007_sync-35,6400000,7200000,b
MySession_007_sync-35,7200000,10400000,o
MySession_007_sync-35,10400000,10400000,sp
MySession_007_sync-35,10400000,10800000,sil
MySession_005_sync-47,0,1200000,sil
MySession_005_sync-47,1200000,2100000,i
MySession_005_sync-47,2100000,3800000,s
MySession_005_sync-47,3800000,6900000,i
MySession_005_sync-47,6900000,6900000,sp
MySession_005_sync-47,6900000,7100000,sil
MySession_005_sync-04,0,800000,sil
MySession_005_sync-04,800000,1900000,d
MySession_005_sync-04,1900000,2900000,e
MySession_005_sync-04,2900000,4100000,k
MySession_005_sync-04,4100000,6800000,a
MySession_005_sync-04,6800000,6800000,sp
MySession_005_sync-04,6800000,7000000,sil
MySession_007_sync-46,0,900000,sil
MySession_007_sync-46,900000,1400000,p
MySession_007_sync-46,1400000,1700000,e
MySession_007_sync-46,1700000,3500000,k
MySession_007_sync-46,3500000,5900000,O
MySession_007_sync-46,5900000,6300000,R
MySession_007_sync-46,6300000,6300000,sp
MySession_007_sync-46,6300000,8000000,sil
MySession_006_sync-30,0,900000,sil
MySession_006_sync-30,900000,3400000,S
MySession_006_sync-30,3400000,3700000,e
MySession_006_sync-30,3700000,5800000,O
MySession_006_sync-30,5800000,7200000,l
MySession_006_sync-30,7200000,7200000,sp
MySession_006_sync-30,7200000,8100000,sil
MySession_006_sync-01,0,800000,sil
MySession_006_sync-01,800000,1800000,b
MySession_006_sync-01,1800000,2700000,a
MySession_006_sync-01,2700000,3400000,R
MySession_006_sync-01,3400000,6800000,e
MySession_006_sync-01,6800000,6800000,sp
MySession_006_sync-01,6800000,7100000,sil
MySession_008_sync-55,0,9200000,sil
MySession_008_sync-55,9200000,10000000,l
MySession_008_sync-55,10000000,10900000,i
MySession_008_sync-55,10900000,12200000,l
MySession_008_sync-55,12200000,15300000,a
MySession_008_sync-55,15300000,15300000,sp
MySession_008_sync-55,15300000,15700000,sil
MySession_008_sync-14,0,1000000,sil
MySession_008_sync-14,1000000,2800000,o
MySession_008_sync-14,2800000,4000000,k
MySession_008_sync-14,4000000,6700000,a
MySession_008_sync-14,6700000,6700000,sp
MySession_008_sync-14,6700000,7300000,sil
MySession_008_sync-48,0,1500000,sil
MySession_008_sync-48,1500000,2600000,n
MySession_008_sync-48,2600000,3200000,o
MySession_008_sync-48,3200000,6100000,m
MySession_008_sync-48,6100000,7800000,e
MySession_008_sync-48,7800000,7800000,sp
MySession_008_sync-48,7800000,8400000,sil
MySession_007_sync-34,0,800000,sil
MySession_007_sync-34,800000,1600000,R
MySession_007_sync-34,1600000,3000000,i
MySession_007_sync-34,3000000,3900000,p
MySession_007_sync-34,3900000,8000000,e
MySession_007_sync-34,8000000,8000000,sp
MySession_007_sync-34,8000000,8700000,sil
MySession_008_sync-53,0,1800000,sil
MySession_008_sync-53,1800000,2700000,l
MySession_008_sync-53,2700000,3100000,i
MySession_008_sync-53,3100000,4300000,m
MySession_008_sync-53,4300000,7400000,e
MySession_008_sync-53,7400000,7400000,sp
MySession_008_sync-53,7400000,7900000,sil
MySession_008_sync-42,0,800000,sil
MySession_008_sync-42,800000,1500000,l
MySession_008_sync-42,1500000,2200000,i
MySession_008_sync-42,2200000,4200000,s
MySession_008_sync-42,4200000,7500000,e
MySession_008_sync-42,7500000,7500000,sp
MySession_008_sync-42,7500000,8200000,sil
MySession_008_sync-20,0,900000,sil
MySession_008_sync-20,900000,1900000,b
MySession_008_sync-20,1900000,3000000,i
MySession_008_sync-20,3000000,4400000,k
MySession_008_sync-20,4400000,7300000,o
MySession_008_sync-20,7300000,7300000,sp
MySession_008_sync-20,7300000,7700000,sil
MySession_006_sync-23,0,800000,sil
MySession_006_sync-23,800000,2500000,R
MySession_006_sync-23,2500000,3600000,o
MySession_006_sync-23,3600000,4900000,t
MySession_006_sync-23,4900000,7800000,i
MySession_006_sync-23,7800000,7800000,sp
MySession_006_sync-23,7800000,8100000,sil
MySession_007_sync-15,0,900000,sil
MySession_007_sync-15,900000,2200000,s
MySession_007_sync-15,2200000,2800000,e
MySession_007_sync-15,2800000,3800000,d
MySession_007_sync-15,3800000,4100000,R
MySession_007_sync-15,4100000,7200000,a
MySession_007_sync-15,7200000,7200000,sp
MySession_007_sync-15,7200000,7400000,sil
MySession_006_sync-15,0,900000,sil
MySession_006_sync-15,900000,2000000,m
MySession_006_sync-15,2000000,2300000,a
MySession_006_sync-15,2300000,3000000,l
MySession_006_sync-15,3000000,7000000,a
MySession_006_sync-15,7000000,7300000,R
MySession_006_sync-15,7300000,7300000,sp
MySession_006_sync-15,7300000,8000000,sil
MySession_007_sync-27,0,1100000,sil
MySession_007_sync-27,1100000,2600000,s
MySession_007_sync-27,2600000,3100000,a
MySession_007_sync-27,3100000,4500000,m
MySession_007_sync-27,4500000,7400000,i
MySession_007_sync-27,7400000,7400000,sp
MySession_007_sync-27,7400000,7700000,sil
MySession_005_sync-44,0,800000,sil
MySession_005_sync-44,800000,1700000,l
MySession_005_sync-44,1700000,2800000,i
MySession_005_sync-44,2800000,3700000,m
MySession_005_sync-44,3700000,7100000,e
MySession_005_sync-44,7100000,7100000,sp
MySession_005_sync-44,7100000,7700000,sil
MySession_008_sync-11,0,800000,sil
MySession_008_sync-11,800000,1700000,R
MySession_008_sync-11,1700000,2400000,a
MySession_008_sync-11,2400000,4200000,m
MySession_008_sync-11,4200000,6600000,a
MySession_008_sync-11,6600000,6600000,sp
MySession_008_sync-11,6600000,7200000,sil
MySession_007_sync-18,0,5300000,sil
MySession_007_sync-18,5300000,6200000,f
MySession_007_sync-18,6200000,6700000,e
MySession_007_sync-18,6700000,8400000,k
MySession_007_sync-18,8400000,11600000,on
MySession_007_sync-18,11600000,11600000,sp
MySession_007_sync-18,11600000,12400000,sil
MySession_008_sync-10,0,800000,sil
MySession_008_sync-10,800000,2900000,s
MySession_008_sync-10,2900000,3700000,i
MySession_008_sync-10,3700000,4900000,m
MySession_008_sync-10,4900000,8000000,a
MySession_008_sync-10,8000000,8000000,sp
MySession_008_sync-10,8000000,8300000,sil
MySession_007_sync-22,0,800000,sil
MySession_007_sync-22,800000,1800000,m
MySession_007_sync-22,1800000,3000000,i
MySession_007_sync-22,3000000,4100000,t
MySession_007_sync-22,4100000,7400000,o
MySession_007_sync-22,7400000,7400000,sp
MySession_007_sync-22,7400000,7700000,sil
MySession_007_sync-04,0,800000,sil
MySession_007_sync-04,800000,1800000,k
MySession_007_sync-04,1800000,2100000,o
MySession_007_sync-04,2100000,3200000,l
MySession_007_sync-04,3200000,6400000,i
MySession_007_sync-04,6400000,6400000,sp
MySession_007_sync-04,6400000,6700000,sil
MySession_005_sync-52,0,700000,sil
MySession_005_sync-52,700000,1300000,d
MySession_005_sync-52,1300000,2000000,i
MySession_005_sync-52,2000000,4600000,v
MySession_005_sync-52,4600000,6100000,E
MySession_005_sync-52,6100000,6400000,R
MySession_005_sync-52,6400000,6400000,sp
MySession_005_sync-52,6400000,7000000,sil
MySession_005_sync-31,0,800000,sil
MySession_005_sync-31,800000,2200000,d
MySession_005_sync-31,2200000,2800000,e
MySession_005_sync-31,2800000,4800000,s
MySession_005_sync-31,4800000,7000000,e
MySession_005_sync-31,7000000,7000000,sp
MySession_005_sync-31,7000000,7600000,sil
MySession_007_sync-42,0,800000,sil
MySession_007_sync-42,800000,1700000,l
MySession_007_sync-42,1700000,2100000,o
MySession_007_sync-42,2100000,4100000,k
MySession_007_sync-42,4100000,6700000,o
MySession_007_sync-42,6700000,6700000,sp
MySession_007_sync-42,6700000,7300000,sil
MySession_007_sync-26,0,1900000,sil
MySession_007_sync-26,1900000,3200000,d
MySession_007_sync-26,3200000,3600000,e
MySession_007_sync-26,3600000,5400000,f
MySession_007_sync-26,5400000,8500000,i
MySession_007_sync-26,8500000,8500000,sp
MySession_007_sync-26,8500000,8800000,sil
MySession_005_sync-11,0,800000,sil
MySession_005_sync-11,800000,1900000,b
MySession_005_sync-11,1900000,2600000,a
MySession_005_sync-11,2600000,3500000,R
MySession_005_sync-11,3500000,6100000,e
MySession_005_sync-11,6100000,6100000,sp
MySession_005_sync-11,6100000,6900000,sil
MySession_007_sync-20,0,800000,sil
MySession_007_sync-20,800000,1600000,p
MySession_007_sync-20,1600000,2100000,o
MySession_007_sync-20,2100000,3000000,l
MySession_007_sync-20,3000000,6500000,i
MySession_007_sync-20,6500000,6500000,sp
MySession_007_sync-20,6500000,6700000,sil
MySession_008_sync-03,0,800000,sil
MySession_008_sync-03,800000,1800000,d
MySession_008_sync-03,1800000,2200000,e
MySession_008_sync-03,2200000,4400000,k
MySession_008_sync-03,4400000,7500000,a
MySession_008_sync-03,7500000,7500000,sp
MySession_008_sync-03,7500000,7700000,sil
MySession_008_sync-57,0,800000,sil
MySession_008_sync-57,800000,2400000,d
MySession_008_sync-57,2400000,3300000,e
MySession_008_sync-57,3300000,4000000,b
MySession_008_sync-57,4000000,7200000,i
MySession_008_sync-57,7200000,7200000,sp
MySession_008_sync-57,7200000,7400000,sil
MySession_006_sync-03,0,800000,sil
MySession_006_sync-03,800000,1500000,k
MySession_006_sync-03,1500000,1900000,a
MySession_006_sync-03,1900000,3200000,b
MySession_006_sync-03,3200000,6400000,a
MySession_006_sync-03,6400000,6400000,sp
MySession_006_sync-03,6400000,6700000,sil
MySession_007_sync-57,0,1000000,sil
MySession_007_sync-57,1000000,2800000,s
MySession_007_sync-57,2800000,3200000,i
MySession_007_sync-57,3200000,4600000,n
MySession_007_sync-57,4600000,7200000,e
MySession_007_sync-57,7200000,7200000,sp
MySession_007_sync-57,7200000,7500000,sil
MySession_006_sync-05,0,800000,sil
MySession_006_sync-05,800000,1800000,b
MySession_006_sync-05,1800000,2300000,i
MySession_006_sync-05,2300000,4300000,k
MySession_006_sync-05,4300000,6900000,o
MySession_006_sync-05,6900000,6900000,sp
MySession_006_sync-05,6900000,7700000,sil
MySession_008_sync-34,0,800000,sil
MySession_008_sync-34,800000,1800000,k
MySession_008_sync-34,1800000,2200000,o
MySession_008_sync-34,2200000,3600000,m
MySession_008_sync-34,3600000,6500000,i
MySession_008_sync-34,6500000,6500000,sp
MySession_008_sync-34,6500000,6700000,sil
MySession_005_sync-05,0,700000,sil
MySession_005_sync-05,700000,1500000,p
MySession_005_sync-05,1500000,2500000,a
MySession_005_sync-05,2500000,2800000,R
MySession_005_sync-05,2800000,6000000,a
MySession_005_sync-05,6000000,6000000,sp
MySession_005_sync-05,6000000,6300000,sil
MySession_005_sync-15,0,800000,sil
MySession_005_sync-15,800000,1600000,b
MySession_005_sync-15,1600000,2600000,i
MySession_005_sync-15,2600000,3900000,k
MySession_005_sync-15,3900000,6400000,o
MySession_005_sync-15,6400000,6400000,sp
MySession_005_sync-15,6400000,7000000,sil
MySession_007_sync-19,0,700000,sil
MySession_007_sync-19,700000,1800000,b
MySession_007_sync-19,1800000,2800000,a
MySession_007_sync-19,2800000,3800000,t
MySession_007_sync-19,3800000,6700000,o
MySession_007_sync-19,6700000,6700000,sp
MySession_007_sync-19,6700000,7500000,sil
MySession_007_sync-59,0,1100000,sil
MySession_007_sync-59,1100000,2700000,s
MySession_007_sync-59,2700000,4600000,in
MySession_007_sync-59,4600000,5500000,p
MySession_007_sync-59,5500000,8600000,a
MySession_007_sync-59,8600000,8600000,sp
MySession_007_sync-59,8600000,15500000,sil
MySession_006_sync-28,0,1000000,sil
MySession_006_sync-28,1000000,2300000,j
MySession_006_sync-28,2300000,3200000,o
MySession_006_sync-28,3200000,4800000,g
MySession_006_sync-28,4800000,7700000,i
MySession_006_sync-28,7700000,7700000,sp
MySession_006_sync-28,7700000,8400000,sil
MySession_008_sync-09,0,800000,sil
MySession_008_sync-09,800000,2300000,b
MySession_008_sync-09,2300000,2800000,a
MySession_008_sync-09,2800000,4200000,d
MySession_008_sync-09,4200000,8100000,e
MySession_008_sync-09,8100000,8100000,sp
MySession_008_sync-09,8100000,8500000,sil
MySession_007_sync-36,0,1300000,sil
MySession_007_sync-36,1300000,1900000,a
MySession_007_sync-36,1900000,3300000,m
MySession_007_sync-36,3300000,6500000,a
MySession_007_sync-36,6500000,6500000,sp
MySession_007_sync-36,6500000,6900000,sil
MySession_005_sync-27,0,700000,sil
MySession_005_sync-27,700000,1400000,p
MySession_005_sync-27,1400000,1900000,o
MySession_005_sync-27,1900000,3400000,m
MySession_005_sync-27,3400000,6300000,e
MySession_005_sync-27,6300000,6300000,sp
MySession_005_sync-27,6300000,6800000,sil
MySession_006_sync-29,0,900000,sil
MySession_006_sync-29,900000,1600000,d
MySession_006_sync-29,1600000,2900000,on
MySession_006_sync-29,2900000,4500000,Z
MySession_006_sync-29,4500000,7300000,on
MySession_006_sync-29,7300000,7300000,sp
MySession_006_sync-29,7300000,8300000,sil
MySession_006_sync-06,0,700000,sil
MySession_006_sync-06,700000,1700000,k
MySession_006_sync-06,1700000,3100000,on
MySession_006_sync-06,3100000,4200000,d
MySession_006_sync-06,4200000,7200000,e
MySession_006_sync-06,7200000,7200000,sp
MySession_006_sync-06,7200000,7500000,sil
MySession_006_sync-07,0,1100000,sil
MySession_006_sync-07,1100000,2900000,s
MySession_006_sync-07,2900000,3900000,i
MySession_006_sync-07,3900000,5100000,m
MySession_006_sync-07,5100000,7300000,a
MySession_006_sync-07,7300000,7300000,sp
MySession_006_sync-07,7300000,7800000,sil
MySession_007_sync-37,0,800000,sil
MySession_007_sync-37,800000,1700000,R
MySession_007_sync-37,1700000,3000000,o
MySession_007_sync-37,3000000,4000000,t
MySession_007_sync-37,4000000,7600000,e
MySession_007_sync-37,7600000,7600000,sp
MySession_007_sync-37,7600000,8200000,sil
MySession_006_sync-14,0,800000,sil
MySession_006_sync-14,800000,1600000,d
MySession_006_sync-14,1600000,2000000,i
MySession_006_sync-14,2000000,3700000,k
MySession_006_sync-14,3700000,6500000,o
MySession_006_sync-14,6500000,6500000,sp
MySession_006_sync-14,6500000,7100000,sil
MySession_007_sync-24,0,700000,sil
MySession_007_sync-24,700000,2300000,s
MySession_007_sync-24,2300000,2800000,y
MySession_007_sync-24,2800000,3900000,R
MySession_007_sync-24,3900000,7400000,a
MySession_007_sync-24,7400000,7400000,sp
MySession_007_sync-24,7400000,7600000,sil
MySession_007_sync-50,0,1300000,sil
MySession_007_sync-50,1300000,1900000,a
MySession_007_sync-50,1900000,4000000,k
MySession_007_sync-50,4000000,6600000,o
MySession_007_sync-50,6600000,6600000,sp
MySession_007_sync-50,6600000,7300000,sil
MySession_007_sync-58,0,1200000,sil
MySession_007_sync-58,1200000,2800000,on
MySession_007_sync-58,2800000,3400000,d
MySession_007_sync-58,3400000,7200000,e
MySession_007_sync-58,7200000,7200000,sp
MySession_007_sync-58,7200000,7800000,sil
MySession_008_sync-32,0,800000,sil
MySession_008_sync-32,800000,1400000,m
MySession_008_sync-32,1400000,1900000,a
MySession_008_sync-32,1900000,3700000,s
MySession_008_sync-32,3700000,7500000,e
MySession_008_sync-32,7500000,7500000,sp
MySession_008_sync-32,7500000,8000000,sil
MySession_005_sync-09,0,900000,sil
MySession_005_sync-09,900000,2300000,m
MySession_005_sync-09,2300000,2900000,a
MySession_005_sync-09,2900000,3400000,R
MySession_005_sync-09,3400000,6200000,a
MySession_005_sync-09,6200000,6200000,sp
MySession_005_sync-09,6200000,6700000,sil
MySession_008_sync-17,0,800000,sil
MySession_008_sync-17,800000,2300000,R
MySession_008_sync-17,2300000,3600000,e
MySession_008_sync-17,3600000,4600000,p
MySession_008_sync-17,4600000,7500000,i
MySession_008_sync-17,7500000,7500000,sp
MySession_008_sync-17,7500000,7800000,sil
MySession_007_sync-07,0,900000,sil
MySession_007_sync-07,900000,2100000,m
MySession_007_sync-07,2100000,2800000,e
MySession_007_sync-07,2800000,3800000,g
MySession_007_sync-07,3800000,7100000,a
MySession_007_sync-07,7100000,7100000,sp
MySession_007_sync-07,7100000,7400000,sil
MySession_005_sync-28,0,1200000,sil
MySession_005_sync-28,1200000,2500000,a
MySession_005_sync-28,2500000,3800000,k
MySession_005_sync-28,3800000,6600000,a
MySession_005_sync-28,6600000,6600000,sp
MySession_005_sync-28,6600000,7100000,sil
MySession_007_sync-48,0,700000,sil
MySession_007_sync-48,700000,1400000,k
MySession_007_sync-48,1400000,1800000,a
MySession_007_sync-48,1800000,3800000,s
MySession_007_sync-48,3800000,7600000,e
MySession_007_sync-48,7600000,7600000,sp
MySession_007_sync-48,7600000,8200000,sil
MySession_005_sync-58,0,900000,sil
MySession_005_sync-58,900000,2200000,m
MySession_005_sync-58,2200000,2700000,a
MySession_005_sync-58,2700000,3300000,R
MySession_005_sync-58,3300000,6200000,i
MySession_005_sync-58,6200000,6200000,sp
MySession_005_sync-58,6200000,6400000,sil
MySession_005_sync-36,0,900000,sil
MySession_005_sync-36,900000,2100000,R
MySession_005_sync-36,2100000,2700000,e
MySession_005_sync-36,2700000,4900000,v
MySession_005_sync-36,4900000,6600000,e
MySession_005_sync-36,6600000,6600000,sp
MySession_005_sync-36,6600000,7200000,sil
MySession_005_sync-54,0,1100000,sil
MySession_005_sync-54,1100000,2500000,v
MySession_005_sync-54,2500000,3200000,e
MySession_005_sync-54,3200000,5500000,n
MySession_005_sync-54,5500000,7700000,e
MySession_005_sync-54,7700000,7700000,sp
MySession_005_sync-54,7700000,7900000,sil
MySession_005_sync-33,0,1000000,sil
MySession_005_sync-33,1000000,2100000,m
MySession_005_sync-33,2100000,2600000,e
MySession_005_sync-33,2600000,4300000,s
MySession_005_sync-33,4300000,7100000,i
MySession_005_sync-33,7100000,7100000,sp
MySession_005_sync-33,7100000,7300000,sil
MySession_007_sync-39,0,700000,sil
MySession_007_sync-39,700000,1500000,t
MySession_007_sync-39,1500000,1900000,i
MySession_007_sync-39,1900000,3500000,s
MySession_007_sync-39,3500000,7300000,e
MySession_007_sync-39,7300000,7300000,sp
MySession_007_sync-39,7300000,7500000,sil
MySession_005_sync-17,0,900000,sil
MySession_005_sync-17,900000,2700000,s
MySession_005_sync-17,2700000,3400000,i
MySession_005_sync-17,3400000,4600000,m
MySession_005_sync-17,4600000,6700000,a
MySession_005_sync-17,6700000,6700000,sp
MySession_005_sync-17,6700000,7400000,sil
MySession_006_sync-16,0,800000,sil
MySession_006_sync-16,800000,2100000,d
MySession_006_sync-16,2100000,3300000,y
MySession_006_sync-16,3300000,4300000,p
MySession_006_sync-16,4300000,7800000,e
MySession_006_sync-16,7800000,7800000,sp
MySession_006_sync-16,7800000,8000000,sil
MySession_005_sync-07,0,800000,sil
MySession_005_sync-07,800000,1400000,k
MySession_005_sync-07,1400000,1800000,a
MySession_005_sync-07,1800000,5000000,o
MySession_005_sync-07,5000000,5000000,sp
MySession_005_sync-07,5000000,5900000,sil
MySession_007_sync-51,0,1100000,sil
MySession_007_sync-51,1100000,2600000,s
MySession_007_sync-51,2600000,3700000,y
MySession_007_sync-51,3700000,4500000,b
MySession_007_sync-51,4500000,8000000,i
MySession_007_sync-51,8000000,8000000,sp
MySession_007_sync-51,8000000,8200000,sil
MySession_008_sync-31,0,1000000,sil
MySession_008_sync-31,1000000,2500000,s
MySession_008_sync-31,2500000,4000000,i
MySession_008_sync-31,4000000,5000000,t
MySession_008_sync-31,5000000,7600000,o
MySession_008_sync-31,7600000,7600000,sp
MySession_008_sync-31,7600000,8100000,sil
MySession_007_sync-11,0,900000,sil
MySession_007_sync-11,900000,2100000,g
MySession_007_sync-11,2100000,2600000,a
MySession_007_sync-11,2600000,3900000,b
MySession_007_sync-11,3900000,7000000,a
MySession_007_sync-11,7000000,7000000,sp
MySession_007_sync-11,7000000,7800000,sil
MySession_006_sync-09,0,800000,sil
MySession_006_sync-09,800000,2100000,R
MySession_006_sync-09,2100000,3700000,e
MySession_006_sync-09,3700000,4500000,p
MySession_006_sync-09,4500000,7600000,i
MySession_006_sync-09,7600000,7600000,sp
MySession_006_sync-09,7600000,8100000,sil
MySession_005_sync-50,0,900000,sil
MySession_005_sync-50,900000,1900000,k
MySession_005_sync-50,1900000,2200000,a
MySession_005_sync-50,2200000,3400000,m
MySession_005_sync-50,3400000,6600000,i
MySession_005_sync-50,6600000,6600000,sp
MySession_005_sync-50,6600000,6900000,sil
MySession_005_sync-06,0,800000,sil
MySession_005_sync-06,800000,1900000,d
MySession_005_sync-06,1900000,2300000,e
MySession_005_sync-06,2300000,4100000,k
MySession_005_sync-06,4100000,6400000,o
MySession_005_sync-06,6400000,6400000,sp
MySession_005_sync-06,6400000,7000000,sil
MySession_007_sync-23,0,700000,sil
MySession_007_sync-23,700000,1500000,k
MySession_007_sync-23,1500000,2400000,a
MySession_007_sync-23,2400000,3400000,R
MySession_007_sync-23,3400000,3800000,d
MySession_007_sync-23,3800000,7300000,e
MySession_007_sync-23,7300000,7300000,sp
MySession_007_sync-23,7300000,7700000,sil
MySession_008_sync-16,0,800000,sil
MySession_008_sync-16,800000,2000000,R
MySession_008_sync-16,2000000,2600000,e
MySession_008_sync-16,2600000,4600000,s
MySession_008_sync-16,4600000,7900000,i
MySession_008_sync-16,7900000,7900000,sp
MySession_008_sync-16,7900000,8200000,sil
MySession_005_sync-49,0,900000,sil
MySession_005_sync-49,900000,2100000,m
MySession_005_sync-49,2100000,2800000,e
MySession_005_sync-49,2800000,4500000,m
MySession_005_sync-49,4500000,6800000,o
MySession_005_sync-49,6800000,6800000,sp
MySession_005_sync-49,6800000,7600000,sil
MySession_008_sync-45,0,900000,sil
MySession_008_sync-45,900000,3100000,R
MySession_008_sync-45,3100000,4500000,e
MySession_008_sync-45,4500000,5500000,p
MySession_008_sync-45,5500000,8900000,on
MySession_008_sync-45,8900000,8900000,sp
MySession_008_sync-45,8900000,9100000,sil
MySession_008_sync-12,0,5900000,sil
MySession_008_sync-12,5900000,7400000,R
MySession_008_sync-12,7400000,8800000,e
MySession_008_sync-12,8800000,11900000,a
MySession_008_sync-12,11900000,11900000,sp
MySession_008_sync-12,11900000,12400000,sil
MySession_005_sync-59,0,1700000,sil
MySession_005_sync-59,1700000,2800000,d
MySession_005_sync-59,2800000,3300000,e
MySession_005_sync-59,3300000,4600000,b
MySession_005_sync-59,4600000,7800000,i
MySession_005_sync-59,7800000,7800000,sp
MySession_005_sync-59,7800000,14000000,sil
MySession_008_sync-54,0,900000,sil
MySession_008_sync-54,900000,2100000,g
MySession_008_sync-54,2100000,2500000,a
MySession_008_sync-54,2500000,4100000,m
MySession_008_sync-54,4100000,6500000,a
MySession_008_sync-54,6500000,6500000,sp
MySession_008_sync-54,6500000,7200000,sil
MySession_005_sync-24,0,1200000,sil
MySession_005_sync-24,1200000,1800000,o
MySession_005_sync-24,1800000,3900000,s
MySession_005_sync-24,3900000,6400000,i
MySession_005_sync-24,6400000,6400000,sp
MySession_005_sync-24,6400000,6600000,sil
MySession_008_sync-30,0,1700000,sil
MySession_008_sync-30,1700000,3100000,a
MySession_008_sync-30,3100000,4300000,k
MySession_008_sync-30,4300000,7300000,a
MySession_008_sync-30,7300000,7300000,sp
MySession_008_sync-30,7300000,7800000,sil
MySession_008_sync-39,0,800000,sil
MySession_008_sync-39,800000,1800000,an
MySession_008_sync-39,1800000,3000000,m
MySession_008_sync-39,3000000,5900000,i
MySession_008_sync-39,5900000,5900000,sp
MySession_008_sync-39,5900000,6200000,sil
MySession_008_sync-23,0,1200000,sil
MySession_008_sync-23,1200000,2500000,f
MySession_008_sync-23,2500000,3000000,a
MySession_008_sync-23,3000000,4200000,d
MySession_008_sync-23,4200000,7800000,e
MySession_008_sync-23,7800000,7800000,sp
MySession_008_sync-23,7800000,8300000,sil
MySession_005_sync-42,0,700000,sil
MySession_005_sync-42,700000,1300000,p
MySession_005_sync-42,1300000,2800000,on
MySession_005_sync-42,2800000,3800000,p
MySession_005_sync-42,3800000,7500000,e
MySession_005_sync-42,7500000,7500000,sp
MySession_005_sync-42,7500000,7900000,sil
MySession_005_sync-22,0,800000,sil
MySession_005_sync-22,800000,2000000,d
MySession_005_sync-22,2000000,2500000,e
MySession_005_sync-22,2500000,3500000,m
MySession_005_sync-22,3500000,6700000,i
MySession_005_sync-22,6700000,6700000,sp
MySession_005_sync-22,6700000,6900000,sil
MySession_008_sync-01,0,800000,sil
MySession_008_sync-01,800000,1900000,n
MySession_008_sync-01,1900000,2200000,E
MySession_008_sync-01,2200000,3500000,s
MySession_008_sync-01,3500000,4300000,t
MySession_008_sync-01,4300000,6400000,O
MySession_008_sync-01,6400000,7500000,R
MySession_008_sync-01,7500000,7500000,sp
MySession_008_sync-01,7500000,8100000,sil
MySession_007_sync-01,0,700000,sil
MySession_007_sync-01,700000,1400000,p
MySession_007_sync-01,1400000,1900000,e
MySession_007_sync-01,1900000,3800000,s
MySession_007_sync-01,3800000,7100000,a
MySession_007_sync-01,7100000,7100000,sp
MySession_007_sync-01,7100000,7400000,sil
MySession_005_sync-45,0,700000,sil
MySession_005_sync-45,700000,1300000,t
MySession_005_sync-45,1300000,1600000,a
MySession_005_sync-45,1600000,3500000,k
MySession_005_sync-45,3500000,5900000,on
MySession_005_sync-45,5900000,5900000,sp
MySession_005_sync-45,5900000,6800000,sil
MySession_008_sync-47,0,1000000,sil
MySession_008_sync-47,1000000,2500000,s
MySession_008_sync-47,2500000,3500000,i
MySession_008_sync-47,3500000,5200000,R
MySession_008_sync-47,5200000,7000000,ec
MySession_008_sync-47,7000000,7000000,sp
MySession_008_sync-47,7000000,7800000,sil
MySession_007_sync-10,0,1000000,sil
MySession_007_sync-10,1000000,2400000,s
MySession_007_sync-10,2400000,2900000,e
MySession_007_sync-10,2900000,3900000,l
MySession_007_sync-10,3900000,7100000,e
MySession_007_sync-10,7100000,7100000,sp
MySession_007_sync-10,7100000,7300000,sil
MySession_005_sync-18,0,6500000,sil
MySession_005_sync-18,6500000,7700000,R
MySession_005_sync-18,7700000,8100000,e
MySession_005_sync-18,8100000,10000000,s
MySession_005_sync-18,10000000,13000000,i
MySession_005_sync-18,13000000,13000000,sp
MySession_005_sync-18,13000000,13300000,sil
MySession_007_sync-38,0,700000,sil
MySession_007_sync-38,700000,1500000,t
MySession_007_sync-38,1500000,2200000,y
MySession_007_sync-38,2200000,3200000,b
MySession_007_sync-38,3200000,6300000,a
MySession_007_sync-38,6300000,6300000,sp
MySession_007_sync-38,6300000,6700000,sil
MySession_006_sync-11,0,1300000,sil
MySession_006_sync-11,1300000,1600000,a
MySession_006_sync-11,1600000,2500000,l
MySession_006_sync-11,2500000,4000000,f
MySession_006_sync-11,4000000,6900000,a
MySession_006_sync-11,6900000,6900000,sp
MySession_006_sync-11,6900000,7100000,sil
MySession_005_sync-37,0,800000,sil
MySession_005_sync-37,800000,1400000,t
MySession_005_sync-37,1400000,2600000,o
MySession_005_sync-37,2600000,3500000,p
MySession_005_sync-37,3500000,6500000,e
MySession_005_sync-37,6500000,6500000,sp
MySession_005_sync-37,6500000,7200000,sil
MySession_005_sync-51,0,800000,sil
MySession_005_sync-51,800000,1600000,d
MySession_005_sync-51,1600000,2500000,i
MySession_005_sync-51,2500000,4100000,t
MySession_005_sync-51,4100000,7000000,o
MySession_005_sync-51,7000000,7000000,sp
MySession_005_sync-51,7000000,7600000,sil
MySession_005_sync-57,0,900000,sil
MySession_005_sync-57,900000,1600000,l
MySession_005_sync-57,1600000,2400000,i
MySession_005_sync-57,2400000,3600000,l
MySession_005_sync-57,3600000,6900000,a
MySession_005_sync-57,6900000,6900000,sp
MySession_005_sync-57,6900000,7300000,sil
MySession_006_sync-27,0,800000,sil
MySession_006_sync-27,800000,1900000,l
MySession_006_sync-27,1900000,2200000,a
MySession_006_sync-27,2200000,2500000,b
MySession_006_sync-27,2500000,4400000,R
MySession_006_sync-27,4400000,7200000,i
MySession_006_sync-27,7200000,7200000,sp
MySession_006_sync-27,7200000,7900000,sil
MySession_007_sync-13,0,800000,sil
MySession_007_sync-13,800000,2100000,l
MySession_007_sync-13,2100000,3000000,e
MySession_007_sync-13,3000000,3700000,R
MySession_007_sync-13,3700000,6700000,o
MySession_007_sync-13,6700000,6700000,sp
MySession_007_sync-13,6700000,6900000,sil
MySession_005_sync-21,0,1200000,sil
MySession_005_sync-21,1200000,1700000,a
MySession_005_sync-21,1700000,2500000,l
MySession_005_sync-21,2500000,4000000,f
MySession_005_sync-21,4000000,7000000,a
MySession_005_sync-21,7000000,7000000,sp
MySession_005_sync-21,7000000,7300000,sil
MySession_007_sync-47,0,800000,sil
MySession_007_sync-47,800000,1600000,d
MySession_007_sync-47,1600000,2600000,e
MySession_007_sync-47,2600000,3700000,p
MySession_007_sync-47,3700000,7400000,a
MySession_007_sync-47,7400000,7700000,R
MySession_007_sync-47,7700000,7700000,sp
MySession_007_sync-47,7700000,8300000,sil
MySession_007_sync-21,0,1600000,sil
MySession_007_sync-21,1600000,2500000,t
MySession_007_sync-21,2500000,3500000,e
MySession_007_sync-21,3500000,7100000,o
MySession_007_sync-21,7100000,7100000,sp
MySession_007_sync-21,7100000,7700000,sil
MySession_005_sync-26,0,900000,sil
MySession_005_sync-26,900000,2200000,m
MySession_005_sync-26,2200000,2600000,a
MySession_005_sync-26,2600000,4500000,s
MySession_005_sync-26,4500000,7200000,i
MySession_005_sync-26,7200000,7200000,sp
MySession_005_sync-26,7200000,7400000,sil
MySession_005_sync-29,0,1100000,sil
MySession_005_sync-29,1100000,2300000,s
MySession_005_sync-29,2300000,3600000,i
MySession_005_sync-29,3600000,4600000,t
MySession_005_sync-29,4600000,7000000,o
MySession_005_sync-29,7000000,7000000,sp
MySession_005_sync-29,7000000,7800000,sil
MySession_005_sync-56,0,600000,sil
MySession_005_sync-56,600000,1700000,t
MySession_005_sync-56,1700000,2400000,R
MySession_005_sync-56,2400000,3700000,o
MySession_005_sync-56,3700000,4600000,m
MySession_005_sync-56,4600000,7600000,a
MySession_005_sync-56,7600000,7600000,sp
MySession_005_sync-56,7600000,7800000,sil
MySession_007_sync-30,0,800000,sil
MySession_007_sync-30,800000,1500000,k
MySession_007_sync-30,1500000,2700000,o
MySession_007_sync-30,2700000,3500000,p
MySession_007_sync-30,3500000,6600000,o
MySession_007_sync-30,6600000,6600000,sp
MySession_007_sync-30,6600000,7400000,sil
MySession_008_sync-37,0,900000,sil
MySession_008_sync-37,900000,2500000,d
MySession_008_sync-37,2500000,3900000,e
MySession_008_sync-37,3900000,4900000,p
MySession_008_sync-37,4900000,7600000,i
MySession_008_sync-37,7600000,7600000,sp
MySession_008_sync-37,7600000,7800000,sil
MySession_007_sync-03,0,800000,sil
MySession_007_sync-03,800000,1900000,k
MySession_007_sync-03,1900000,3100000,o
MySession_007_sync-03,3100000,4100000,t
MySession_007_sync-03,4100000,6900000,a
MySession_007_sync-03,6900000,6900000,sp
MySession_007_sync-03,6900000,7200000,sil
MySession_007_sync-41,0,1900000,sil
MySession_007_sync-41,1900000,2600000,t
MySession_007_sync-41,2600000,3200000,e
MySession_007_sync-41,3200000,4500000,n
MySession_007_sync-41,4500000,7500000,y
MySession_007_sync-41,7500000,7500000,sp
MySession_007_sync-41,7500000,8300000,sil
MySession_008_sync-19,0,1100000,sil
MySession_008_sync-19,1100000,2800000,s
MySession_008_sync-19,2800000,4000000,a
MySession_008_sync-19,4000000,4900000,b
MySession_008_sync-19,4900000,8200000,a
MySession_008_sync-19,8200000,8200000,sp
MySession_008_sync-19,8200000,8600000,sil
MySession_008_sync-24,0,800000,sil
MySession_008_sync-24,800000,1700000,m
MySession_008_sync-24,1700000,2900000,i
MySession_008_sync-24,2900000,4100000,k
MySession_008_sync-24,4100000,7500000,a
MySession_008_sync-24,7500000,7500000,sp
MySession_008_sync-24,7500000,7900000,sil
MySession_005_sync-01,0,800000,sil
MySession_005_sync-01,800000,1700000,m
MySession_005_sync-01,1700000,2700000,i
MySession_005_sync-01,2700000,4000000,k
MySession_005_sync-01,4000000,6700000,a
MySession_005_sync-01,6700000,6700000,sp
MySession_005_sync-01,6700000,6900000,sil
MySession_008_sync-29,0,700000,sil
MySession_008_sync-29,700000,1500000,p
MySession_008_sync-29,1500000,2100000,o
MySession_008_sync-29,2100000,3300000,m
MySession_008_sync-29,3300000,6700000,e
MySession_008_sync-29,6700000,6700000,sp
MySession_008_sync-29,6700000,7200000,sil
MySession_007_sync-17,0,900000,sil
MySession_007_sync-17,900000,1900000,n
MySession_007_sync-17,1900000,2200000,a
MySession_007_sync-17,2200000,3100000,R
MySession_007_sync-17,3100000,4500000,k
MySession_007_sync-17,4500000,4800000,w
MySession_007_sync-17,4800000,7800000,a
MySession_007_sync-17,7800000,7800000,sp
MySession_007_sync-17,7800000,8300000,sil
MySession_005_sync-20,0,800000,sil
MySession_005_sync-20,800000,1600000,k
MySession_005_sync-20,1600000,2300000,a
MySession_005_sync-20,2300000,3200000,R
MySession_005_sync-20,3200000,5800000,e
MySession_005_sync-20,5800000,5800000,sp
MySession_005_sync-20,5800000,6300000,sil
MySession_005_sync-02,0,900000,sil
MySession_005_sync-02,900000,2400000,m
MySession_005_sync-02,2400000,2700000,a
MySession_005_sync-02,2700000,5300000,o
MySession_005_sync-02,5300000,5300000,sp
MySession_005_sync-02,5300000,6000000,sil
MySession_008_sync-44,0,1000000,sil
MySession_008_sync-44,1000000,3000000,s
MySession_008_sync-44,3000000,3400000,e
MySession_008_sync-44,3400000,4900000,n
MySession_008_sync-44,4900000,7400000,a
MySession_008_sync-44,7400000,7400000,sp
MySession_008_sync-44,7400000,8000000,sil
MySession_005_sync-30,0,800000,sil
MySession_005_sync-30,800000,1600000,m
MySession_005_sync-30,1600000,2000000,a
MySession_005_sync-30,2000000,3700000,s
MySession_005_sync-30,3700000,6600000,e
MySession_005_sync-30,6600000,6600000,sp
MySession_005_sync-30,6600000,7100000,sil
MySession_005_sync-10,0,900000,sil
MySession_005_sync-10,900000,2000000,b
MySession_005_sync-10,2000000,2500000,a
MySession_005_sync-10,2500000,3700000,d
MySession_005_sync-10,3700000,6300000,e
MySession_005_sync-10,6300000,6300000,sp
MySession_005_sync-10,6300000,7000000,sil
MySession_006_sync-13,0,800000,sil
MySession_006_sync-13,800000,1600000,k
MySession_006_sync-13,1600000,2100000,a
MySession_006_sync-13,2100000,4000000,s
MySession_006_sync-13,4000000,7000000,i
MySession_006_sync-13,7000000,7000000,sp
MySession_006_sync-13,7000000,7300000,sil
MySession_008_sync-05,0,1300000,sil
MySession_008_sync-05,1300000,1600000,e
MySession_008_sync-05,1600000,4300000,k
MySession_008_sync-05,4300000,7300000,o
MySession_008_sync-05,7300000,7300000,sp
MySession_008_sync-05,7300000,7600000,sil
MySession_005_sync-34,0,800000,sil
MySession_005_sync-34,800000,2200000,R
MySession_005_sync-34,2200000,2600000,o
MySession_005_sync-34,2600000,3600000,d
MySession_005_sync-34,3600000,6000000,e
MySession_005_sync-34,6000000,6000000,sp
MySession_005_sync-34,6000000,6900000,sil
MySession_007_sync-55,0,900000,sil
MySession_007_sync-55,900000,1600000,t
MySession_007_sync-55,1600000,2500000,e
MySession_007_sync-55,2500000,3700000,t
MySession_007_sync-55,3700000,6900000,on
MySession_007_sync-55,6900000,6900000,sp
MySession_007_sync-55,6900000,7300000,sil
MySession_006_sync-17,0,800000,sil
MySession_006_sync-17,800000,3000000,an
MySession_006_sync-17,3000000,3500000,b
MySession_006_sync-17,3500000,4200000,R
MySession_006_sync-17,4200000,7200000,e
MySession_006_sync-17,7200000,7200000,sp
MySession_006_sync-17,7200000,7400000,sil
MySession_005_sync-46,0,700000,sil
MySession_005_sync-46,700000,1500000,p
MySession_005_sync-46,1500000,2600000,a
MySession_005_sync-46,2600000,4500000,p
MySession_005_sync-46,4500000,6600000,e
MySession_005_sync-46,6600000,6600000,sp
MySession_005_sync-46,6600000,7200000,sil
MySession_008_sync-21,0,800000,sil
MySession_008_sync-21,800000,1700000,k
MySession_008_sync-21,1700000,3400000,on
MySession_008_sync-21,3400000,4400000,p
MySession_008_sync-21,4400000,7900000,a
MySession_008_sync-21,7900000,7900000,sp
MySession_008_sync-21,7900000,8200000,sil
MySession_007_sync-32,0,800000,sil
MySession_007_sync-32,800000,1500000,t
MySession_007_sync-32,1500000,1900000,e
MySession_007_sync-32,1900000,3300000,t
MySession_007_sync-32,3300000,3600000,R
MySession_007_sync-32,3600000,6900000,a
MySession_007_sync-32,6900000,6900000,sp
MySession_007_sync-32,6900000,7100000,sil
MySession_006_sync-25,0,500000,sil
MySession_006_sync-25,500000,2700000,s
MySession_006_sync-25,2700000,3100000,e
MySession_006_sync-25,3100000,4200000,d
MySession_006_sync-25,4200000,4800000,R
MySession_006_sync-25,4800000,7800000,a
MySession_006_sync-25,7800000,7800000,sp
MySession_006_sync-25,7800000,8300000,sil
MySession_005_sync-38,0,800000,sil
MySession_005_sync-38,800000,2000000,d
MySession_005_sync-38,2000000,2300000,e
MySession_005_sync-38,2300000,3400000,l
MySession_005_sync-38,3400000,6200000,i
MySession_005_sync-38,6200000,6200000,sp
MySession_005_sync-38,6200000,6400000,sil
MySession_005_sync-14,0,1000000,sil
MySession_005_sync-14,1000000,2300000,s
MySession_005_sync-14,2300000,3200000,a
MySession_005_sync-14,3200000,4100000,b
MySession_005_sync-14,4100000,7100000,a
MySession_005_sync-14,7100000,7100000,sp
MySession_005_sync-14,7100000,7300000,sil
MySession_008_sync-02,0,900000,sil
MySession_008_sync-02,900000,2500000,S
MySession_008_sync-02,2500000,3000000,i
MySession_008_sync-02,3000000,4800000,k
MySession_008_sync-02,4800000,7500000,on
MySession_008_sync-02,7500000,7500000,sp
MySession_008_sync-02,7500000,8400000,sil
MySession_005_sync-25,0,800000,sil
MySession_005_sync-25,800000,2000000,d
MySession_005_sync-25,2000000,2600000,i
MySession_005_sync-25,2600000,4200000,k
MySession_005_sync-25,4200000,7100000,o
MySession_005_sync-25,7100000,7100000,sp
MySession_005_sync-25,7100000,7500000,sil
MySession_005_sync-48,0,800000,sil
MySession_005_sync-48,800000,2100000,R
MySession_005_sync-48,2100000,2400000,ec
MySession_005_sync-48,2400000,3800000,n
MySession_005_sync-48,3800000,6500000,o
MySession_005_sync-48,6500000,6500000,sp
MySession_005_sync-48,6500000,7100000,sil
MySession_007_sync-40,0,700000,sil
MySession_007_sync-40,700000,1400000,p
MySession_007_sync-40,1400000,1800000,a
MySession_007_sync-40,1800000,3100000,l
MySession_007_sync-40,3100000,4100000,p
MySession_007_sync-40,4100000,8000000,e
MySession_007_sync-40,8000000,8000000,sp
MySession_007_sync-40,8000000,8600000,sil
MySession_008_sync-49,0,4500000,sil
MySession_008_sync-49,4500000,5000000,t
MySession_008_sync-49,5000000,5300000,a
MySession_008_sync-49,5300000,7300000,k
MySession_008_sync-49,7300000,10300000,on
MySession_008_sync-49,10300000,10300000,sp
MySession_008_sync-49,10300000,10800000,sil
MySession_008_sync-22,0,1000000,sil
MySession_008_sync-22,1000000,2700000,R
MySession_008_sync-22,2700000,3600000,e
MySession_008_sync-22,3600000,5400000,a
MySession_008_sync-22,5400000,7100000,l
MySession_008_sync-22,7100000,7100000,sp
MySession_008_sync-22,7100000,8000000,sil
MySession_007_sync-52,0,1200000,sil
MySession_007_sync-52,1200000,3400000,s
MySession_007_sync-52,3400000,4200000,e
MySession_007_sync-52,4200000,6300000,z
MySession_007_sync-52,6300000,9200000,i
MySession_007_sync-52,9200000,9200000,sp
MySession_007_sync-52,9200000,9400000,sil
MySession_007_sync-53,0,700000,sil
MySession_007_sync-53,700000,1700000,p
MySession_007_sync-53,1700000,2000000,e
MySession_007_sync-53,2000000,3200000,l
MySession_007_sync-53,3200000,6300000,o
MySession_007_sync-53,6300000,6300000,sp
MySession_007_sync-53,6300000,7000000,sil
